outer_iter,inner_iter,scenario,method,reject,q,cond_raw,cond_reg,ridge_lambda,stat,cutoff
1,1,power,GEXP-5,1,5,2782678.2792142155,897541.9232746881,4.988019893846052e-07,28.483386802756286,12.118705057975346
1,1,power,NEW-MMMD,1,4,19102.97506904533,18373.39496024049,1.2688840134704361e-06,28.19319293302314,12.2548727433591
1,2,power,GEXP-5,0,5,2748917.7365341717,903633.3628727318,4.916794254946653e-07,5.38424270216052,15.109585378640547
1,2,power,NEW-MMMD,0,4,16668.636181019912,16089.757159122306,1.3356268744161274e-06,5.553457527043449,9.846948429632652
1,3,power,GEXP-5,1,5,6729965.209355915,1101569.544754319,5.173892295204459e-07,26.341911651146688,12.720622733927156
1,3,power,NEW-MMMD,1,4,23582.699199608905,22488.509144422263,1.2956752391983137e-06,25.09913405746049,14.900336605023154
1,4,power,GEXP-5,0,5,11596730.732651686,1299881.2641573602,4.0106408426687553e-07,4.351056540623659,13.179283725810789
1,4,power,NEW-MMMD,0,4,24447.38880330676,23280.626123083235,1.1461431816361221e-06,4.324227611338147,9.299568093654024
1,5,power,GEXP-5,1,5,1104507.2401229239,589955.5452142175,5.082889363013695e-07,36.919244426897905,10.032382491359822
1,5,power,NEW-MMMD,1,4,15900.5504933014,15389.470718553857,1.2356451723236005e-06,35.56550185294573,14.327730836711176
1,6,power,GEXP-5,1,5,11485369.262491174,1209549.7715457827,4.908047421820037e-07,33.49821233359751,10.004022116762547
1,6,power,NEW-MMMD,1,4,28279.78800419415,26722.340672191218,1.2627474128571807e-06,30.812681187537045,9.331601064270647
1,7,power,GEXP-5,1,5,17373470.330094587,1325050.5561974384,4.6663457964941696e-07,26.44564315056391,12.518398982626685
1,7,power,NEW-MMMD,1,4,32277.37495417166,30254.89841088853,1.2949874884114977e-06,15.827745476701125,15.411172221741067
1,8,power,GEXP-5,1,5,12164647.852042872,1175618.2403326333,5.543019060646306e-07,58.61393246378907,17.641282919327438
1,8,power,NEW-MMMD,1,4,26111.356620235056,24788.006612570425,1.352410035313014e-06,58.46377500156609,12.988455289450185
1,9,power,GEXP-5,1,5,3091246.3449124224,917042.9080451615,4.2021517712808426e-07,14.167933027737718,9.22798323950181
1,9,power,NEW-MMMD,1,4,15298.67384842347,14796.757846841463,1.1386049984205458e-06,14.011656834708866,9.053159057960393
1,10,power,GEXP-5,1,5,8853613.140007246,1129662.5999892347,4.779790896225129e-07,17.23144956287581,11.886379569030158
1,10,power,NEW-MMMD,1,4,21721.031429522944,20757.828058436247,1.2214688860311641e-06,17.501807828013767,13.8831790769771
1,11,power,GEXP-5,0,5,4472601.856856414,1077054.1859135698,4.252473050198092e-07,4.556579981786001,11.414508974969918
1,11,power,NEW-MMMD,0,4,20506.05661918525,19657.44133722311,1.19949614275802e-06,4.564294866341349,8.9472875844927
1,12,power,GEXP-5,1,5,12203465.946324171,1238986.698598566,4.6842875237346513e-07,11.623271028627244,11.587299379632288
1,12,power,NEW-MMMD,0,4,26004.745600248873,24615.591631280877,1.311956083114678e-06,10.228589420961761,12.449126994186484
1,13,power,GEXP-5,1,5,2211401.113697536,800772.1891008749,5.075229155078342e-07,17.820430241002946,12.77289077820555
1,13,power,NEW-MMMD,1,4,16771.518681169997,16197.929117811864,1.2364477540021954e-06,17.59489161309827,8.557914127011356
1,14,power,GEXP-5,1,5,6433417.5214859415,1142669.0899183888,4.483389325079367e-07,21.81936626027698,10.991258146650017
1,14,power,NEW-MMMD,1,4,23145.87848645543,22042.996482639042,1.2619462524419867e-06,22.685344032283837,10.250762460613256
1,15,power,GEXP-5,0,5,14733024.468621206,1277984.90859353,4.5792697612919477e-07,9.359761542350611,12.37712802473363
1,15,power,NEW-MMMD,0,4,25416.746273578516,24113.359539835663,1.2733814526952618e-06,8.950210101036717,16.033551002285737
1,16,power,GEXP-5,1,5,4557545.136292477,1058981.6720592577,4.979488344476545e-07,21.974363875902867,10.251276102993712
1,16,power,NEW-MMMD,1,4,22427.491864306365,21410.772982293107,1.3581687052834556e-06,21.57469990391538,11.478144908333142
1,17,power,GEXP-5,1,5,618948.9596161422,422709.5404218111,4.6957012971891835e-07,26.791181948364738,11.812945397282423
1,17,power,NEW-MMMD,1,5,127957.0992703209,116731.17072925375,4.6957013039220197e-07,28.36047614615468,15.587410104287146
1,18,power,GEXP-5,0,5,5710904.228921717,1118644.3716027346,4.3844135319974264e-07,8.8684952612889,13.00994892364279
1,18,power,NEW-MMMD,0,4,23141.818533128426,22038.791723769322,1.236690878453917e-06,6.213505535354855,15.03720820564025
1,19,power,GEXP-5,1,5,4617746.742827046,1060046.382473989,5.272398991857616e-07,27.745519428406737,14.8410943705351
1,19,power,NEW-MMMD,1,4,22519.011272202253,21498.40606776005,1.4272701595766555e-06,27.32968781679432,9.063047737077564
1,20,power,GEXP-5,1,5,3315236.027845637,968954.581596801,4.498807930748416e-07,12.63582382708794,7.888048453232639
1,20,power,NEW-MMMD,1,4,17080.98151415653,16476.70736887932,1.2449164388643652e-06,12.563846879062364,10.954038009307721
1,1,type1_a,GEXP-5,0,5,11469665.580089005,1324948.5670073656,4.1302618510747886e-07,5.095310198453205,14.151092417153466
1,1,type1_a,NEW-MMMD,0,4,29068.119862873365,27440.339297191327,1.199188301751201e-06,2.375953274586287,8.345432484885064
1,2,type1_a,GEXP-5,0,5,8546024.81553086,1273194.27762355,4.265920269391804e-07,1.3158346682973594,9.661207930280906
1,2,type1_a,NEW-MMMD,0,4,24854.444487825414,23667.809892521564,1.2270539519161155e-06,1.3165166347045183,11.600217093296678
1,3,type1_a,GEXP-5,0,5,6616993.35460951,1132747.3664103905,4.908197962965297e-07,5.011909541922307,8.94795148897094
1,3,type1_a,NEW-MMMD,0,4,21179.59758818557,20259.517960253153,1.3461146028200617e-06,2.1294502855938324,11.44855743245421
1,4,type1_a,GEXP-5,0,5,11367621.523352006,1258875.9071773146,4.935894757684701e-07,2.124912609976633,11.477967840950816
1,4,type1_a,NEW-MMMD,0,4,26040.70986210786,24679.814343253598,1.3880779844693446e-06,2.1197453180747736,9.648412365062075
1,5,type1_a,GEXP-5,0,5,5481289.231239799,1192251.2830641752,4.0955490131965997e-07,0.9301192094610471,8.309175859657437
1,5,type1_a,NEW-MMMD,0,4,20634.444812235826,19839.619167479796,1.1710588535062185e-06,0.9550133780766998,9.710943830670686
1,6,type1_a,GEXP-5,0,5,18140930.61028337,1411786.9746039424,4.3226532032047567e-07,1.5836261575696913,12.283919717771242
1,6,type1_a,NEW-MMMD,0,4,34892.695681959296,32604.127715738756,1.2674571233352636e-06,1.4795486601934194,9.854988490695275
1,7,type1_a,GEXP-5,0,5,10671126.993914023,1347307.038132006,3.8707776431012193e-07,2.1905165036865526,11.319390657111628
1,7,type1_a,NEW-MMMD,0,4,29766.580388775754,28119.459544176414,1.1274779084741715e-06,1.8542348516826053,12.49603203553696
1,8,type1_a,GEXP-5,0,5,17480179.36674689,1384187.2290240529,3.576407122178506e-07,1.5133781495324037,17.62231177287371
1,8,type1_a,NEW-MMMD,0,4,27979.13410845857,26494.99367343561,1.0317238984681207e-06,1.456127316497919,14.310390491908134
1,9,type1_a,GEXP-5,0,5,2310127.895827421,858599.1608104588,4.1201441833382747e-07,3.0403193867431355,10.563805564503486
1,9,type1_a,NEW-MMMD,0,4,15244.152622834592,14763.228724526029,1.1365400621401305e-06,2.6458076804396518,7.593516572014823
1,10,type1_a,GEXP-5,0,5,1962183.6785913662,856395.7574293338,4.5634074878763856e-07,0.9932574406154089,16.01384459786773
1,10,type1_a,NEW-MMMD,0,4,21763.989154210718,20853.280307667508,1.3242436416103802e-06,0.8864191755417385,8.73730547589192
1,11,type1_a,GEXP-5,0,5,6607656.9657870885,1201403.9643339876,4.0936354693661246e-07,8.304469863190945,9.32070267137682
1,11,type1_a,NEW-MMMD,0,4,21573.20091214662,20663.069130996522,1.1695353707011685e-06,4.780601232253353,21.712658575915825
1,12,type1_a,GEXP-5,0,5,12575474.909310704,1347378.417151582,3.7784890728066454e-07,1.8031934573614876,13.569456157667357
1,12,type1_a,NEW-MMMD,0,4,27541.967687075077,26101.25570945439,1.0937644013587061e-06,1.2048204743972795,13.319788263037587
1,13,type1_a,GEXP-5,0,5,7848510.31664946,1210983.4912400472,5.151936345977103e-07,1.4922077942983094,13.720302246436162
1,13,type1_a,NEW-MMMD,0,4,26062.05182064629,24704.325573661612,1.4626277960611918e-06,1.3786074159200599,10.022690356154246
1,14,type1_a,GEXP-5,0,5,1901311.0003811568,833082.7606898999,4.4429485095297743e-07,1.3839743204709833,14.256442031855203
1,14,type1_a,NEW-MMMD,0,4,16360.217188889414,15838.842061301457,1.2654048573212355e-06,1.186834556323026,12.624041087355465
1,15,type1_a,GEXP-5,0,5,25518120.11041656,1556101.4077008748,4.132878851279163e-07,1.0574825781525092,10.327438839785103
1,15,type1_a,NEW-MMMD,0,4,38186.86386274718,35656.507704017386,1.2350152802021952e-06,0.9650559862729386,12.301217460066601
1,16,type1_a,GEXP-5,0,5,17699502.07391578,1446108.3097704484,4.151662003741758e-07,2.6588133111420404,9.350272979831342
1,16,type1_a,NEW-MMMD,0,4,29669.03157833428,28061.116418126658,1.2170433186019823e-06,1.678893506402737,10.452559783408685
1,17,type1_a,GEXP-5,0,5,9419150.635460928,1246952.839760489,4.589411441501286e-07,1.4837478470231602,12.8564417187639
1,17,type1_a,NEW-MMMD,0,4,26244.870663342812,24881.91061070629,1.302226153758858e-06,1.4307951406392547,8.806660291119606
1,18,type1_a,GEXP-5,0,5,7948226.171465389,1160419.0861664356,4.998966673983724e-07,3.9537875019369793,9.478330509728137
1,18,type1_a,NEW-MMMD,0,4,23574.421291919058,22443.411491108487,1.3553488795858945e-06,4.143573794007082,9.023316640358292
1,19,type1_a,GEXP-5,0,5,13265958.94378612,1329198.0889265747,4.777028663033705e-07,2.959881282971324,9.852422320294904
1,19,type1_a,NEW-MMMD,0,4,31597.35486745901,29663.472678340488,1.3773010998107412e-06,3.0877327695693992,11.00385485778927
1,20,type1_a,GEXP-5,0,5,7059490.656553836,1234396.9900594612,4.1555280222514706e-07,1.1932645904857537,15.669431174908361
1,20,type1_a,NEW-MMMD,0,4,23335.179108836237,22287.15145504389,1.1963409101768103e-06,1.2205847647105816,16.63937249305946
1,1,type1_b,GEXP-5,0,5,1825430.391380376,805985.1870721878,4.015369633533552e-07,1.3509046068980979,8.203411616990602
1,1,type1_b,NEW-MMMD,0,4,16764.453164635954,16208.755031331562,1.1298431568578335e-06,1.3242524298014402,9.142028122128522
1,2,type1_b,GEXP-5,0,5,2098124.9214852517,836574.2945525667,4.3169220902427754e-07,0.684704367666221,17.58620346132127
1,2,type1_b,NEW-MMMD,0,4,14989.164556336034,14532.224122805623,1.1932805254449054e-06,0.6475416195633734,8.976964464865416
1,3,type1_b,GEXP-5,0,5,2367611.992871606,813694.4149846038,5.013177006591517e-07,3.9938290327719557,11.448531287540579
1,3,type1_b,NEW-MMMD,0,4,14954.286054781727,14483.720482032448,1.2484260707135703e-06,4.0021096917233745,13.980126102641666
1,4,type1_b,GEXP-5,0,5,3974228.4835971957,966011.2945548529,4.7442845591651554e-07,1.904138219054893,10.160743917892905
1,4,type1_b,NEW-MMMD,0,4,17439.244413458957,16802.980485412347,1.2172203207738963e-06,1.9836564958831424,7.934044952924688
1,5,type1_b,GEXP-5,0,5,1761424.828292665,769232.0185130428,4.028589711752285e-07,1.5415202873851683,9.58527134819426
1,5,type1_b,NEW-MMMD,0,4,13118.911104959585,12770.41520875807,1.090853879619874e-06,1.6593530832067387,11.169213666075034
1,6,type1_b,GEXP-5,0,5,3320616.5873698974,964095.2798116812,4.2923775553064174e-07,3.2052176660610456,7.774334926093045
1,6,type1_b,NEW-MMMD,0,4,16037.678395603953,15501.005131079406,1.183542346016403e-06,2.962277064083281,12.299324143324746
1,7,type1_b,GEXP-5,0,5,5638923.268129814,1144337.874319211,3.843405041760384e-07,4.423752680248995,13.74647053355195
1,7,type1_b,NEW-MMMD,0,4,22055.758675604837,21096.647167992112,1.0832306310565739e-06,3.6764563688208725,9.441152265298133
1,8,type1_b,GEXP-5,0,5,5410190.482550746,1132128.4593483093,3.4904080320740116e-07,4.426037529850319,13.575345413697184
1,8,type1_b,NEW-MMMD,0,4,17032.892942335562,16462.358874109115,9.746950204192768e-07,0.26861188135223746,13.339644210035186
1,9,type1_b,GEXP-5,0,5,1081093.0000752814,581609.6301665923,4.3071571438960667e-07,1.585232118309321,12.844128182682903
1,9,type1_b,NEW-MMMD,0,4,13164.203170406065,12787.44368184217,1.128235773187595e-06,0.8874923998705597,9.71897158279481
1,10,type1_b,GEXP-5,0,5,9826081.99971529,1194958.1123067534,4.557486361681613e-07,0.6013479845201353,10.115867309315025
1,10,type1_b,NEW-MMMD,0,4,21661.22264625057,20695.922461868893,1.244339176158159e-06,0.5808538994576353,9.176696281200002
1,11,type1_b,GEXP-5,0,5,7093549.440566392,1200410.8060148226,3.953804278111974e-07,3.0106795025198494,6.6555585580930945
1,11,type1_b,NEW-MMMD,0,4,20342.350305195876,19520.973741188274,1.122481633156762e-06,2.506529909139058,8.301744897673583
1,12,type1_b,GEXP-5,0,5,3561805.483462284,1010081.2557963285,3.867817573336636e-07,1.8268574148322898,9.148559911637332
1,12,type1_b,NEW-MMMD,0,4,20101.045939383745,19284.480472317802,1.0870042098127648e-06,1.761909790436679,12.286529756917359
1,13,type1_b,GEXP-5,0,5,6159599.624301678,1050414.1443290403,5.489082526510249e-07,3.933036864844887,20.819277498380167
1,13,type1_b,NEW-MMMD,0,4,19856.34122777236,19052.19352683697,1.3626922031717396e-06,2.9962582322532114,14.059648957969323
1,14,type1_b,GEXP-5,0,5,2090231.4782998932,822656.9011926373,4.2830127931589583e-07,1.7827984938874124,10.978744391573935
1,14,type1_b,NEW-MMMD,0,4,16464.863182415986,15897.749278086783,1.1827128576817534e-06,1.6964090151723692,11.181136580220253
1,15,type1_b,GEXP-5,0,5,32432084.65706098,1542112.765181903,4.106048935662948e-07,5.963408951076701,10.571041571039409
1,15,type1_b,NEW-MMMD,0,4,38824.70691328234,36156.09484696236,1.2198897047449408e-06,3.5476518660360057,15.575797618919832
1,16,type1_b,GEXP-5,0,5,6685411.505845864,1150328.5467023477,4.21848389191357e-07,3.274410289816217,15.609752669314227
1,16,type1_b,NEW-MMMD,0,4,19366.614662454984,18601.066055417148,1.1757914811847942e-06,1.261873492896223,14.406693396815754
1,17,type1_b,GEXP-5,0,5,4565336.058475367,1008262.639311445,5.010996980112799e-07,2.4031023853326303,8.488717108805513
1,17,type1_b,NEW-MMMD,0,4,18671.894324972174,17950.102341272406,1.2963852387768552e-06,2.062772143507818,8.435381634322125
1,18,type1_b,GEXP-5,0,5,2087468.0536028545,753180.733674369,5.347025814492775e-07,2.3404265517132785,12.459620595291607
1,18,type1_b,NEW-MMMD,0,4,5298.57445282939,5269.171505295763,5.3470258087197e-07,2.222721335150144,10.657037897258256
1,19,type1_b,GEXP-5,0,5,347361.4192604032,267484.515695236,5.89514548769624e-07,0.644214243742145,10.030471379421074
1,19,type1_b,NEW-MMMD,0,4,4569.028105273359,4546.599364457909,5.89514548185459e-07,0.6042448446318582,17.762234720502736
1,20,type1_b,GEXP-5,0,5,1093610.1125622948,612384.6330998456,3.9750987367683706e-07,1.7174954078671192,16.434038586023217
1,20,type1_b,NEW-MMMD,0,4,12678.24375770495,12351.591146148765,1.096353465829533e-06,1.5227263125570847,13.388710925829663
2,1,power,GEXP-5,1,5,22497107.274696533,1339041.342555861,4.1852340500700404e-07,20.701219743666996,15.01598289733639
2,1,power,NEW-MMMD,1,4,31411.024699140966,29435.52377640774,1.1962255177467735e-06,18.371126693559404,12.44035972402398
2,2,power,GEXP-5,0,5,3282665.762858898,1021514.9570283965,4.591279540772441e-07,4.6638632262199735,10.628771366381303
2,2,power,NEW-MMMD,0,4,24323.618468344066,23169.94221034398,1.321496289263455e-06,4.469784889860464,10.1881588882363
2,3,power,GEXP-5,1,5,14779251.369260378,1299387.9324419955,4.7378012157986405e-07,12.462611256260828,9.52328854331818
2,3,power,NEW-MMMD,1,4,28446.81839232524,26820.081681538373,1.3495582389938668e-06,12.078596361930316,9.068035325081222
2,4,power,GEXP-5,1,5,1847050.2398101809,726126.531474677,4.979861968175093e-07,42.33963449175741,10.375121832352843
2,4,power,NEW-MMMD,1,4,5476.382282221508,5445.478916604153,4.979861971805355e-07,42.2862003684549,12.88759218659088
2,5,power,GEXP-5,1,5,760359.0794022289,483443.6085840932,4.525174831703764e-07,28.424387291780633,9.642629830764617
2,5,power,NEW-MMMD,1,4,13298.402866616823,12922.566617590284,1.2274297994303964e-06,26.716533632178113,11.904604140067955
2,6,power,GEXP-5,1,5,15714323.011865184,1309571.5244146683,4.845949451019253e-07,21.914962961706635,12.122214332502587
2,6,power,NEW-MMMD,1,4,30618.92941444087,28748.83109804881,1.3808165764336328e-06,22.18502369834509,10.911086785887596
2,7,power,GEXP-5,1,5,4797553.777775719,1007251.2513626302,4.999151280988569e-07,20.55206090177802,12.199027504180384
2,7,power,NEW-MMMD,1,4,19395.498151825526,18625.130084187724,1.250851860923442e-06,20.43239552172539,11.142478374472004
2,8,power,GEXP-5,0,5,14600184.352131147,1278848.2272696663,4.5739019156428837e-07,2.7134123074642105,12.404425290747048
2,8,power,NEW-MMMD,0,4,26922.42499061666,25458.494409319723,1.28849455810621e-06,2.786746158224176,11.811776402971947
2,9,power,GEXP-5,0,5,1836994.0782280173,772627.7951587585,5.387968624266828e-07,14.76585495259269,17.49944658847952
2,9,power,NEW-MMMD,1,4,17449.393435993195,16831.638279444775,1.4042063826740185e-06,15.3762929656137,10.454580676447318
2,10,power,GEXP-5,1,5,3042706.506814746,916104.4737691244,4.678839427582027e-07,23.545819958377024,14.450437542387503
2,10,power,NEW-MMMD,1,4,16719.519701309375,16124.586030002725,1.2638229265559446e-06,22.50077725376738,13.643696598257975
2,11,power,GEXP-5,1,5,6242953.356685678,1204219.5202165823,4.7102470619137827e-07,16.54275842702168,9.978715272923543
2,11,power,NEW-MMMD,1,4,26925.755977357083,25523.114044995684,1.3607755010471953e-06,15.788761638820315,12.427879048381849
2,12,power,GEXP-5,0,5,2536305.061458432,870021.6926081324,3.9245175486882304e-07,6.077500060019503,9.612446100830118
2,12,power,NEW-MMMD,0,4,14265.510636429719,13837.557112436403,1.0639751170611155e-06,6.0613016639818635,9.981903620028087
2,13,power,GEXP-5,0,5,18703719.00668952,1328048.0255733544,3.968943755371374e-07,10.016444300179757,13.652514545569618
2,13,power,NEW-MMMD,0,4,28013.49007231202,26445.744540635136,1.1320762106585239e-06,7.1303755903188915,12.241568870903603
2,14,power,GEXP-5,1,5,12070644.69796663,1187884.8582848948,4.771759362016602e-07,24.727305163021455,9.520984556132346
2,14,power,NEW-MMMD,1,4,26161.863921934717,24805.03495080152,1.2119222719465578e-06,24.374397133520596,7.380993392617504
2,15,power,GEXP-5,1,5,5874800.485717931,1083946.3688828063,4.916302408668387e-07,37.136032648308685,12.208560243536594
2,15,power,NEW-MMMD,1,4,21677.512529924257,20732.489189212938,1.2717197784593949e-06,37.319186900129154,11.598745531353403
2,16,power,GEXP-5,1,5,2549122.628728757,933247.0836890939,4.3008640805668694e-07,18.200694210445363,11.293477745842278
2,16,power,NEW-MMMD,1,4,19784.91520568135,19018.36693481111,1.2265502265638426e-06,19.755938518095007,7.680139814332328
2,17,power,GEXP-5,1,5,15210300.558334686,1300293.8418329745,5.274850643657636e-07,31.822519846866072,9.131359190043
2,17,power,NEW-MMMD,1,4,32614.97376841436,30563.88174507361,1.4386932724475883e-06,32.015207454682255,13.402537197935539
2,18,power,GEXP-5,1,5,3385278.200138539,970857.4377645631,4.449928619002883e-07,11.410418627622256,9.012436677089376
2,18,power,NEW-MMMD,1,4,17578.204596871536,16935.81870674117,1.2291712256948096e-06,11.47738863913018,7.830345287718671
2,19,power,GEXP-5,0,5,3608843.6483497326,962468.4059249366,5.560423806402409e-07,10.133878788199581,10.89731073165124
2,19,power,NEW-MMMD,0,4,20405.743954853384,19574.847295335607,1.4034317198878792e-06,9.247677948338238,9.60283852406109
2,20,power,GEXP-5,0,5,13835798.92664221,1300896.0822906338,4.869794198420086e-07,10.084073840296291,16.46588350530969
2,20,power,NEW-MMMD,0,4,30691.503781720054,28818.067082923855,1.3915834443668439e-06,9.483310132747103,12.952836408459333
2,1,type1_a,GEXP-5,0,5,4716276.680188628,1097675.7740280333,4.2485629515022316e-07,2.078317367581371,7.394020523716665
2,1,type1_a,NEW-MMMD,0,4,18916.192911880324,18202.490195192448,1.1971924908835157e-06,2.4712092317546226,13.280119314902755
2,2,type1_a,GEXP-5,0,5,9139870.126960391,1212346.5947689388,5.125732045581417e-07,1.7364798213906738,10.277823459001453
2,2,type1_a,NEW-MMMD,0,4,27514.40345296928,25997.37613000031,1.4212432436056494e-06,1.2982415899176956,8.429268398544293
2,3,type1_a,GEXP-5,0,5,19771567.901353694,1460918.3666809378,4.202919390419953e-07,1.435880250776961,6.142162296755131
2,3,type1_a,NEW-MMMD,0,4,34237.48678070362,32100.693807224656,1.2377463363894488e-06,1.1370629447697027,8.86131094382749
2,4,type1_a,GEXP-5,0,5,27653392.808843,1487986.994493104,4.1559823157884504e-07,0.8513038064612459,12.382294554765398
2,4,type1_a,NEW-MMMD,0,4,38638.13486267271,35902.831808677525,1.231912949302151e-06,0.37668030016177223,8.727875443746909
2,5,type1_a,GEXP-5,0,5,4825629.332048614,1097240.9580310707,4.800323899006052e-07,2.1107149826204363,9.75113580047357
2,5,type1_a,NEW-MMMD,0,4,20934.8657502807,20045.9187788245,1.358235554382285e-06,2.3148537441154247,10.860688766169627
2,6,type1_a,GEXP-5,0,5,54359728.574688874,1671501.9608441452,3.825715943177912e-07,3.3436828151788234,13.01177078746134
2,6,type1_a,NEW-MMMD,0,4,48331.36099066039,44450.96235337701,1.1630865823535447e-06,2.907685023096966,8.922412362338841
2,7,type1_a,GEXP-5,0,5,29926091.71280047,1405226.163740377,4.910674629526577e-07,1.3594026540660593,9.382636097736237
2,7,type1_a,NEW-MMMD,0,4,36661.050810926245,34057.613490778625,1.4213237677258155e-06,0.9283935143706508,9.715762220026948
2,8,type1_a,GEXP-5,0,5,58012245.21573784,1682995.0894062123,3.969016816378956e-07,5.064655476849794,9.671411224275275
2,8,type1_a,NEW-MMMD,0,4,51500.339720502285,47130.19030958418,1.2094127002620408e-06,3.1087920067107433,11.820053626792637
2,9,type1_a,GEXP-5,0,5,4324330.88430691,1090270.463066233,4.710740447216009e-07,1.3538454843222496,13.540875321760428
2,9,type1_a,NEW-MMMD,0,4,21116.931663151383,20240.199141146677,1.337467639253427e-06,1.5421490144859362,12.788348697024412
2,10,type1_a,GEXP-5,0,5,8506293.49974786,1308609.0127442777,4.074040915449533e-07,6.219261086839211,11.03506692849761
2,10,type1_a,NEW-MMMD,0,4,24327.010456397613,23228.311041139103,1.1805326399212784e-06,5.113867182804569,7.111320737355911
2,11,type1_a,GEXP-5,0,5,1740420.7848383917,764946.7100839315,4.827836635688643e-07,2.971037161176767,13.800507559387928
2,11,type1_a,NEW-MMMD,0,4,15862.218100184451,15339.43434451586,1.3310219599197789e-06,1.888529131538931,10.229139130171
2,12,type1_a,GEXP-5,0,5,42576847.22500972,1524983.214343178,3.9520654574918155e-07,2.014273115663869,13.202891875603287
2,12,type1_a,NEW-MMMD,0,4,41562.4473674324,38456.657859411345,1.1674677822592783e-06,2.0623966085524863,14.82546756266534
2,13,type1_a,GEXP-5,0,5,13920150.949408444,1363032.651825762,3.9454843884124363e-07,1.6333361384327105,13.284760134591767
2,13,type1_a,NEW-MMMD,0,4,26304.937574243195,24992.745102373865,1.1393165940718188e-06,1.7073919204706982,13.396164355751788
2,14,type1_a,GEXP-5,0,5,29294629.767548718,1407176.2577042847,3.7580834118122454e-07,2.551487913874954,8.885733192007798
2,14,type1_a,NEW-MMMD,0,4,35140.5959333533,32765.59053863734,1.0880299959848794e-06,2.430030027125902,10.103718715155035
2,15,type1_a,GEXP-5,0,5,3363257.0958378194,1014289.9025123251,4.0453809080145336e-07,3.0281069784420254,10.564795429767402
2,15,type1_a,NEW-MMMD,0,4,18037.472040154888,17390.635864976375,1.150701513434799e-06,3.137948638340573,10.952677946398433
2,16,type1_a,GEXP-5,0,5,5459878.831241594,1186454.7561079098,4.3944342314348987e-07,1.277657462597908,8.206452919655046
2,16,type1_a,NEW-MMMD,0,4,23255.36117887436,22225.410495128737,1.2698179210510583e-06,1.2569978338707122,14.023459949551315
2,17,type1_a,GEXP-5,0,5,12417823.020936046,1279208.115124295,4.005935163330559e-07,2.957371427754481,9.827193111414132
2,17,type1_a,NEW-MMMD,0,4,25590.05906743488,24269.821951613016,1.1437774105452084e-06,2.998985220584604,9.647318036473907
2,18,type1_a,GEXP-5,0,5,1076085.1494230472,643343.663448007,4.013089983329535e-07,0.7011674143164441,10.232069643249357
2,18,type1_a,NEW-MMMD,0,4,20651.300721243453,19864.41429775219,1.1850132761575002e-06,0.5674247093336109,8.185066800669972
2,19,type1_a,GEXP-5,0,5,4445579.588298847,1090092.5457796643,4.516398915925732e-07,1.915089804765671,13.809913771309132
2,19,type1_a,NEW-MMMD,0,4,22820.52812910765,21778.094705837,1.289594906943666e-06,1.0158318542190479,12.9230904752507
2,20,type1_a,GEXP-5,0,5,3482036.648181463,989392.5785620919,4.7617762708589056e-07,0.7677604705797876,12.502285886522602
2,20,type1_a,NEW-MMMD,0,4,19449.010068759217,18674.668899705128,1.3117047092863762e-06,0.495335323334821,17.516718123856787
2,1,type1_b,GEXP-5,0,5,2339839.5055333753,846113.4945098211,4.0967463320282777e-07,3.237468637678721,11.789037555390202
2,1,type1_b,NEW-MMMD,0,4,15345.917018387561,14850.878223869604,1.1119145828528373e-06,3.2719463174915475,11.024237473849277
2,2,type1_b,GEXP-5,0,5,2618729.173227151,869760.8381429471,5.118730056015645e-07,3.2648806864337416,15.068386531917449
2,2,type1_b,NEW-MMMD,0,4,16871.496471968323,16286.719547371933,1.3169754116352899e-06,1.7519485065938625,10.635601646767402
2,3,type1_b,GEXP-5,0,5,4833993.841375027,1144537.6501587962,4.376024511738845e-07,1.5429443150456734,10.975553527048556
2,3,type1_b,NEW-MMMD,0,4,26807.278294417487,25419.245009262246,1.2688280981685285e-06,1.5859287694489907,9.260309875649066
2,4,type1_b,GEXP-5,0,5,2528103.065174066,913502.0855549704,4.166602647970141e-07,0.8922470345097082,10.545229625161067
2,4,type1_b,NEW-MMMD,0,4,15755.198112912598,15257.447129487782,1.1705733832569906e-06,0.34491723213117087,12.029053002531283
2,5,type1_b,GEXP-5,0,5,1886760.8028825647,779871.8111555724,4.4501217972142257e-07,2.2923052555892127,9.559587606352396
2,5,type1_b,NEW-MMMD,0,4,15536.529822768818,15022.944145133786,1.2177130948742645e-06,2.1494901752172844,12.975963887048477
2,6,type1_b,GEXP-5,0,5,430744.6384104221,331906.78434240416,4.012455850030956e-07,1.7477928415226103,13.661645973741338
2,6,type1_b,NEW-MMMD,0,5,99230.41628543097,92910.10852064047,4.012455855512128e-07,1.6974817041069699,10.379834794328307
2,7,type1_b,GEXP-5,0,5,3994653.2779029463,1094096.3003835434,4.551120906053651e-07,1.391994115076841,12.568616864975981
2,7,type1_b,NEW-MMMD,0,4,19860.671504081867,19098.18866975272,1.3121534110283212e-06,1.0913861784164363,10.268325709427318
2,8,type1_b,GEXP-5,0,5,10384793.461166726,1237972.1336380278,4.444965429482239e-07,3.1770309266968297,12.944874221037926
2,8,type1_b,NEW-MMMD,0,4,24417.672737183693,23212.64960125525,1.2506889455948742e-06,2.960214198431668,16.666227293358716
2,9,type1_b,GEXP-5,0,5,2460043.189926078,876369.3523810456,4.893415583431044e-07,2.4675620243302845,13.76692028361567
2,9,type1_b,NEW-MMMD,0,4,16194.581058211292,15651.451066995385,1.342563085365112e-06,2.46107444105429,8.508180692863121
2,10,type1_b,GEXP-5,0,5,983607.5449249363,554762.4116820601,4.770525598977375e-07,0.8612980866312512,8.373863175339505
2,10,type1_b,NEW-MMMD,0,4,11721.886562837337,11425.589827946429,1.2547621885300238e-06,0.35760487394102425,9.382355681903324
2,11,type1_b,GEXP-5,0,5,2886719.4833461014,889206.3417238395,4.989019669897948e-07,1.0310724717277768,11.00981321569577
2,11,type1_b,NEW-MMMD,0,4,15389.154358600805,14891.922640088449,1.2941737513986908e-06,0.9900376225335683,9.407396994844554
2,12,type1_b,GEXP-5,0,5,4184696.8898690646,1041662.9434206698,4.2426206933815673e-07,1.2761225646617618,11.184058674535164
2,12,type1_b,NEW-MMMD,0,4,18345.52626041825,17652.298850831663,1.18496245623313e-06,0.9824203937603322,15.253998593195533
2,13,type1_b,GEXP-5,0,5,441130.381397789,324303.3834526233,4.794782626712516e-07,1.28768743077282,17.38066082059161
2,13,type1_b,NEW-MMMD,0,5,104277.70888506841,96000.57449782686,4.794782630202665e-07,1.796090239734668,13.89345392155273
2,14,type1_b,GEXP-5,0,5,8640229.510449812,1236353.0561393849,3.497873791674674e-07,1.2215151122960464,21.388028674044044
2,14,type1_b,NEW-MMMD,0,4,21223.915595303013,20339.563735602303,9.881330166213756e-07,1.0287516258719727,11.601641595004171
2,15,type1_b,GEXP-5,0,5,1291440.7736000244,656367.0522581661,3.9816623337271336e-07,7.086110269493133,14.715125577634584
2,15,type1_b,NEW-MMMD,0,4,11662.501724086156,11378.334138920007,1.0760468076509387e-06,7.189115278942268,12.708216809955173
2,16,type1_b,GEXP-5,0,5,2988594.6066377996,946861.9307288904,3.9935308390229766e-07,1.6479908357529922,10.789386428664258
2,16,type1_b,NEW-MMMD,0,4,15836.646008939622,15331.552606196648,1.0977429788456825e-06,1.2727894449422328,10.992965171322087
2,17,type1_b,GEXP-5,0,5,4128690.4779082863,966128.7847739673,4.3288215484952357e-07,2.7679153119544417,9.85014245710412
2,17,type1_b,NEW-MMMD,0,4,16642.073759867195,16058.011280691291,1.1005020396014478e-06,2.9707435268261797,10.002712366610512
2,18,type1_b,GEXP-5,0,5,398103.1074301539,312263.47639777354,3.8904776973681063e-07,3.2829498272060533,11.45260410515997
2,18,type1_b,NEW-MMMD,0,5,91989.75901667651,86526.07736321496,3.8904777022290987e-07,3.314020093987846,12.041609722223557
2,19,type1_b,GEXP-5,0,5,2310250.6253141416,813092.8628086492,4.66142702244821e-07,3.3284433219857874,16.507514640072195
2,19,type1_b,NEW-MMMD,0,4,17681.042612598372,17035.03587467445,1.1535863767095512e-06,2.2964484186280885,10.755719894991
2,20,type1_b,GEXP-5,0,5,1267651.1210931404,659427.6061004956,4.149764638920921e-07,3.809239333512778,14.243409305830575
2,20,type1_b,NEW-MMMD,0,4,15205.945777032239,14723.800484985342,1.1545739944053227e-06,3.6486763727573788,23.00284814627644
3,1,power,GEXP-5,1,5,3533146.9899407695,979683.9378137339,4.288229913693486e-07,21.328058182414196,14.517416030985917
3,1,power,NEW-MMMD,1,4,17374.40027666002,16740.894181084746,1.1866806758357857e-06,21.308513560706373,10.546937276150379
3,2,power,GEXP-5,1,5,6939426.83743817,1120959.2038299313,4.705202172199714e-07,23.42729581148066,11.907941560935756
3,2,power,NEW-MMMD,1,4,25754.047168639554,24428.508910334655,1.2257410122076616e-06,21.144943008332945,11.280359381493792
3,3,power,GEXP-5,1,5,3069979.345788041,901169.4327796919,5.111992585981541e-07,29.36991315221553,12.584006337605357
3,3,power,NEW-MMMD,1,4,16886.34453770954,16304.132364484365,1.2717605902095456e-06,27.856359850944898,8.646073504189566
3,4,power,GEXP-5,0,5,7171261.004201895,1157866.6833867715,4.76418076267797e-07,7.480311630450245,12.664494061217278
3,4,power,NEW-MMMD,0,4,23260.19238577381,22147.78528844232,1.3294972602327206e-06,7.191346021000619,11.27982458982083
3,5,power,GEXP-5,1,5,18862585.555100907,1250893.4175204956,5.597219929841786e-07,30.180817021057493,8.283991283595
3,5,power,NEW-MMMD,1,4,33483.2775977347,31350.83470843433,1.4027510056509387e-06,25.71407176556974,16.81003486978585
3,6,power,GEXP-5,0,5,2878201.1790202023,977874.0908372997,5.232305515131815e-07,6.620428163518589,8.086105072813025
3,6,power,NEW-MMMD,0,4,22383.304458701543,21401.38468889558,1.5023731080516075e-06,6.422998792677424,10.12002275255737
3,7,power,GEXP-5,1,5,3235117.0013691685,918757.9781625402,5.548187948643055e-07,92.74629937295009,8.350700403484248
3,7,power,NEW-MMMD,1,4,21775.498564352045,20855.934638205556,1.3185648261217132e-06,84.71230277477372,9.225525681352458
3,8,power,GEXP-5,0,5,12814941.965749888,1347809.9982847392,4.3131611336997654e-07,8.410333253936756,11.585788152475436
3,8,power,NEW-MMMD,0,4,25688.673097759212,24421.107195986046,1.2484163560903172e-06,7.428920469430302,15.496472315595952
3,9,power,GEXP-5,1,5,2278406.2444119193,774740.068336912,4.84252234408464e-07,37.39438567458136,18.796527494851144
3,9,power,NEW-MMMD,1,4,5480.193720640414,5448.737745310664,4.842522341560575e-07,37.22692877556267,12.615995679217047
3,10,power,GEXP-5,0,5,19852622.618427426,1329512.8337875765,4.187799906931586e-07,10.545369984988383,18.265924245600058
3,10,power,NEW-MMMD,1,4,31769.029904182953,29756.284609000748,1.1945300245451771e-06,9.698729196294181,9.029769211230889
3,11,power,GEXP-5,1,5,509623.5755618362,362303.6127462466,4.6437915408731415e-07,17.82154588204969,8.943741827780942
3,11,power,NEW-MMMD,1,5,109063.41815615816,100253.80364999632,4.643791537894922e-07,18.826245744082698,14.997626728377938
3,12,power,GEXP-5,1,5,2408019.484369556,899333.1722386023,4.2976967200512936e-07,16.84057535732927,10.357044088581073
3,12,power,NEW-MMMD,1,4,16177.355758347103,15655.19826643345,1.2079478381561111e-06,19.162827173726697,17.6234436798647
3,13,power,GEXP-5,1,5,5110534.973003847,1019414.6452211846,4.708979851843998e-07,15.458050661815662,12.250794169873126
3,13,power,NEW-MMMD,1,4,17690.047029129364,17042.970013529397,1.1881016736075076e-06,15.479074768729404,9.465766013685938
3,14,power,GEXP-5,1,5,489604.40016877936,349256.85915683064,5.436465176683693e-07,17.268114131709694,15.119811061950182
3,14,power,NEW-MMMD,0,5,108333.11195577316,99374.91795525426,5.436465170757862e-07,17.389062165463546,20.851438684804013
3,15,power,GEXP-5,0,5,2588502.7463056766,925700.8344840418,4.367380132065247e-07,4.139183324815619,11.330737102509401
3,15,power,NEW-MMMD,0,4,16921.30770678015,16355.67512431,1.2265679773201107e-06,4.0921986344133146,14.083804057418323
3,16,power,GEXP-5,1,5,7255249.656774141,1150261.2975607836,4.6527922258613407e-07,31.68885561591719,17.31207447545342
3,16,power,NEW-MMMD,1,4,20646.352384435213,19764.07477351679,1.2866091828462754e-06,30.876869959296883,9.923929143581713
3,17,power,GEXP-5,0,5,9944958.23864376,1328463.3851414192,4.4483890577297485e-07,2.7343779843951097,13.749387361697098
3,17,power,NEW-MMMD,0,4,24435.791399406353,23309.17881635953,1.290448502387279e-06,2.496733752710546,10.293818837288741
3,18,power,GEXP-5,1,5,7143394.854683848,1127742.5752444284,5.008105832008984e-07,17.05969413183675,13.061636251442488
3,18,power,NEW-MMMD,1,4,22267.811589479858,21253.161693288497,1.3371300169372253e-06,14.875822374013339,8.657361536079224
3,19,power,GEXP-5,1,5,3821889.316114193,965482.5926984516,4.791665809609647e-07,22.794191190302627,12.084576636439825
3,19,power,NEW-MMMD,1,4,17366.272163671776,16746.770763168584,1.2188629060547753e-06,23.36272170576558,17.338965483637004
3,20,power,GEXP-5,1,5,11324750.574529748,1261460.3025147635,4.945956905228917e-07,21.220223364705987,13.64292938097025
3,20,power,NEW-MMMD,1,4,31537.720413636238,29569.287552382906,1.3864890167439642e-06,19.682142383579873,16.511447004397517
3,1,type1_a,GEXP-5,0,5,13528420.650987927,1340850.6033863379,3.875746995637994e-07,2.2382851163060025,14.509357084052931
3,1,type1_a,NEW-MMMD,0,4,26557.855759841186,25198.514602928797,1.1167258412714108e-06,2.173650297425624,11.135333920085072
3,2,type1_a,GEXP-5,0,5,11235629.279965557,1273861.0522012883,4.208515768888187e-07,1.2462621038031898,9.767399589897948
3,2,type1_a,NEW-MMMD,0,4,25247.796833291508,23977.32383888626,1.1991166347578263e-06,1.1594300863671005,10.98587712805284
3,3,type1_a,GEXP-5,0,5,2889247.243510318,1006408.7179869873,4.299243808384853e-07,2.1820565189803602,13.19480673229924
3,3,type1_a,NEW-MMMD,0,4,24908.61391489186,23735.4204233364,1.2574282949833116e-06,2.0604904445745724,7.379252420346546
3,4,type1_a,GEXP-5,0,5,5146890.004318009,1111147.257812298,5.034261651964796e-07,3.1781333190480936,8.740374526665152
3,4,type1_a,NEW-MMMD,0,4,21066.789936188805,20169.381935003545,1.4184656610791458e-06,3.0791673183115584,8.694614910472657
3,5,type1_a,GEXP-5,0,5,11887813.780858394,1337096.653972483,4.4420279164870053e-07,1.101384896514574,12.68831444908902
3,5,type1_a,NEW-MMMD,0,4,25162.190627637552,23955.793538042795,1.2789632545983308e-06,0.9353978723560135,14.043839067984011
3,6,type1_a,GEXP-5,0,5,8540086.466701943,1261221.2183095284,4.5903192428380627e-07,1.0863430643600012,12.21320044266498
3,6,type1_a,NEW-MMMD,0,4,26807.871572567976,25427.006709231537,1.311739834286058e-06,1.10720125530611,13.0714412945508
3,7,type1_a,GEXP-5,0,5,15472342.031983795,1274782.886497903,4.920129220062502e-07,3.0535766317021427,10.224409774940396
3,7,type1_a,NEW-MMMD,0,4,27828.45760953514,26297.37091964178,1.3319285779453126e-06,2.6174188459595022,11.03322345878511
3,8,type1_a,GEXP-5,0,5,9339009.447364302,1285758.5558142653,4.0496280879646065e-07,3.279705812337909,12.33466565485223
3,8,type1_a,NEW-MMMD,0,4,22091.986294779977,21160.27716934691,1.1543147017979658e-06,3.395034662723763,9.95981506272774
3,9,type1_a,GEXP-5,0,5,12433923.098784296,1350349.6086717076,4.3396390320677056e-07,3.6007593105938014,9.435781165027027
3,9,type1_a,NEW-MMMD,0,4,32950.51971005555,30884.38857576329,1.26700392994327e-06,2.7057211921687703,13.685298469893182
3,10,type1_a,GEXP-5,0,5,15423373.133184917,1338353.6953591998,4.7365045637196157e-07,1.8251252699411573,14.329893728618794
3,10,type1_a,NEW-MMMD,0,4,29759.384880490077,28020.53925129934,1.3639759137580703e-06,1.364511872445945,13.373081349265668
3,11,type1_a,GEXP-5,0,5,7390088.859593762,1271892.8774812946,3.9420094785923257e-07,2.033241130452467,15.960475150715343
3,11,type1_a,NEW-MMMD,0,4,23722.425665600407,22662.14679643515,1.1456102646049535e-06,2.007240260262776,17.364794667510772
3,12,type1_a,GEXP-5,0,5,5113005.991229242,1126287.919348618,4.4309791812115044e-07,1.2659249014757563,9.989011730364474
3,12,type1_a,NEW-MMMD,0,4,18099.046003006533,17453.32941849888,1.246656322016349e-06,1.3290391033942655,8.821876416687225
3,13,type1_a,GEXP-5,0,5,4922449.528341249,1086652.7447488317,4.1929824168912184e-07,0.4302474321185591,11.524639060500045
3,13,type1_a,NEW-MMMD,0,4,17528.274937826267,16905.988621916058,1.1647969093210079e-06,0.4300002599360804,11.0959487513832
3,14,type1_a,GEXP-5,0,5,1820772.1453948906,811567.9579233882,4.0029155117822093e-07,0.7443236497601795,10.859742340790195
3,14,type1_a,NEW-MMMD,0,4,15139.26771457711,14696.254394746918,1.1218697664771305e-06,0.8303745406509186,10.75307978387526
3,15,type1_a,GEXP-5,0,5,7942221.829340921,1247721.4588796995,4.3086088927739406e-07,1.2737006476742785,9.152355867324255
3,15,type1_a,NEW-MMMD,0,4,22186.57322561987,21228.698951931492,1.2336723390477234e-06,1.2953633241938611,8.029509262456324
3,16,type1_a,GEXP-5,0,5,18688898.028586444,1399616.1414515271,4.241149651276143e-07,2.8025803492461847,11.145624551341559
3,16,type1_a,NEW-MMMD,0,4,30750.96706765962,28954.05474319805,1.2328403633451673e-06,1.9524229462680118,9.103874708626266
3,17,type1_a,GEXP-5,0,5,2971954.5032364586,958633.9700922142,4.393926525128607e-07,3.729159650666382,8.423293962197839
3,17,type1_a,NEW-MMMD,0,4,18438.731492483617,17752.408782410166,1.2343149161146382e-06,3.6848635453788,8.27316569489948
3,18,type1_a,GEXP-5,0,5,6978114.889716678,1222007.4202983438,3.941474411022013e-07,0.8125564563237049,7.482441382099179
3,18,type1_a,NEW-MMMD,0,4,21212.018534402498,20341.52579019409,1.1256656785803866e-06,0.9378806012911998,10.497164050567154
3,19,type1_a,GEXP-5,0,5,5876839.171601893,1187209.5088963301,4.5168545803808893e-07,1.7122146126408833,12.803229552423911
3,19,type1_a,NEW-MMMD,0,4,24866.107555561397,23658.23826851094,1.305723516649178e-06,1.6250730141232879,13.803897621794386
3,20,type1_a,GEXP-5,0,5,12989948.963450208,1375800.8469278314,4.294862217346754e-07,1.6258082820754964,13.559771566358815
3,20,type1_a,NEW-MMMD,0,4,32621.33979884893,30617.158629806818,1.2619267894062188e-06,1.6510804116363964,11.628550300337922
3,1,type1_b,GEXP-5,0,5,4236507.967253796,1025205.6430239789,3.8740221003288744e-07,2.0104906449487743,12.721701766671359
3,1,type1_b,NEW-MMMD,0,4,17035.559479983094,16431.795325176776,1.0657190563572382e-06,1.9571935916695393,10.309257925626346
3,2,type1_b,GEXP-5,0,5,9756454.144522661,1187604.257591072,4.7170624853782635e-07,2.949149353362003,12.42122474977831
3,2,type1_b,NEW-MMMD,0,4,22395.439118962822,21375.01251447708,1.2653129879604214e-06,0.8758839933289373,7.363907214323283
3,3,type1_b,GEXP-5,0,5,3341637.127938751,928427.7634357443,4.3888363813291634e-07,6.269673365642532,14.020906191652744
3,3,type1_b,NEW-MMMD,0,4,17216.4963833648,16589.91259768896,1.1453030033598218e-06,3.652573245251915,7.1368024953521125
3,4,type1_b,GEXP-5,0,5,1106949.1711206075,577919.3967241647,5.42620519414994e-07,2.627141949817883,11.75606144936898
3,4,type1_b,NEW-MMMD,0,4,12715.44185851149,12377.218471513463,1.2984479438891407e-06,1.418991591564284,7.985826448040897
3,5,type1_b,GEXP-5,0,5,4435972.219232229,1054477.912221755,4.458950774721069e-07,4.021398460560263,13.359168810572351
3,5,type1_b,NEW-MMMD,0,4,18174.20412530783,17490.713275204947,1.2446431076422696e-06,3.9659773506205838,17.09930546641661
3,6,type1_b,GEXP-5,0,5,1860562.8000130323,756602.4165301396,5.319645710101662e-07,1.5244364301627513,13.28775098359216
3,6,type1_b,NEW-MMMD,0,4,14818.772749102183,14363.977196551004,1.342553752481373e-06,1.0922224711401443,8.800728153715752
3,7,type1_b,GEXP-5,0,5,6374725.974127201,1102015.9475416106,4.4712926214609807e-07,2.915684988217663,9.430799699832631
3,7,type1_b,NEW-MMMD,0,4,18391.25794306001,17677.064098972478,1.2233120054241202e-06,3.1585367850995354,10.406262222698851
3,8,type1_b,GEXP-5,0,5,2471070.2294208654,861183.3926842173,4.0933582572033983e-07,2.902180868231155,11.713214765782908
3,8,type1_b,NEW-MMMD,0,4,14958.870303044137,14488.892908095953,1.106297645773525e-06,2.9494047468621876,9.573468762545897
3,9,type1_b,GEXP-5,0,5,3066642.4789122534,922083.8636207096,4.4886030823926443e-07,1.9657921819166972,10.677983348798806
3,9,type1_b,NEW-MMMD,0,4,15558.464672077429,15041.727305101316,1.2224835388850168e-06,1.5692422287372978,15.890407575551123
3,10,type1_b,GEXP-5,0,5,11437841.34973305,1253857.353114466,4.570520709630443e-07,2.7764956701180807,14.164233700837238
3,10,type1_b,NEW-MMMD,0,4,23608.333329691297,22475.422044872696,1.290601567845694e-06,1.7267300026557102,10.101378995170178
3,11,type1_b,GEXP-5,0,5,765206.1908232771,490732.5152880138,4.066223168962778e-07,1.4176548139906835,13.153097643115371
3,11,type1_b,NEW-MMMD,0,4,12620.62132477497,12293.886560574689,1.1104275054710601e-06,1.3954197797578871,13.71581336377847
3,12,type1_b,GEXP-5,0,5,2271028.8693829593,826973.9713507821,4.6936711131996916e-07,3.1923254293062655,13.181520960202457
3,12,type1_b,NEW-MMMD,0,4,14092.238772589082,13667.645294775206,1.2594948936907865e-06,0.8219486212389828,15.290363721144127
3,13,type1_b,GEXP-5,0,5,2138226.0667363415,827101.9286045202,4.197700394831982e-07,1.209542039132442,20.96877910691667
3,13,type1_b,NEW-MMMD,0,4,16421.813205947936,15858.32103753602,1.1518394586985431e-06,1.148968396670611,16.73708463370343
3,14,type1_b,GEXP-5,0,5,1561705.2022819603,726638.0575599477,4.1652181314840016e-07,3.7738316033642647,9.564689059369202
3,14,type1_b,NEW-MMMD,0,4,14443.25044364312,14008.975753703373,1.1453994667114012e-06,0.560043001578757,10.101141284079407
3,15,type1_b,GEXP-5,0,5,1550406.0294543314,695689.4107816415,4.5751988730638346e-07,2.779776251697058,12.127405513729531
3,15,type1_b,NEW-MMMD,0,4,13798.935644382367,13392.313723626987,1.1776943684306596e-06,2.4397523092152262,11.064097232774929
3,16,type1_b,GEXP-5,0,5,2815021.771502149,928126.3538816756,4.2935319144605856e-07,1.630036851942947,11.71990476468384
3,16,type1_b,NEW-MMMD,0,4,18410.931923954275,17713.72642254808,1.1960586844447396e-06,1.3718420398391302,8.059007549370037
3,17,type1_b,GEXP-5,0,5,1319996.8768030202,677139.8906771634,4.0660682813540165e-07,3.63570351487823,11.84662513710255
3,17,type1_b,NEW-MMMD,0,4,13495.9248757536,13127.78477330192,1.1178868487326484e-06,2.3268939009541008,13.163328081869938
3,18,type1_b,GEXP-5,0,5,2469583.683149137,904091.6947896737,3.5960558479399555e-07,0.942250605261389,8.743491987398652
3,18,type1_b,NEW-MMMD,0,4,13333.58041114154,12983.745677657096,9.947886477769194e-07,1.0386956196869477,10.13666881810626
3,19,type1_b,GEXP-5,0,5,3412935.14260697,989534.2341673739,4.37098786522592e-07,1.9786184924207504,11.653624068243436
3,19,type1_b,NEW-MMMD,0,4,17275.009426352586,16661.096986200188,1.2213315701754908e-06,2.007536811931704,15.332847018954698
3,20,type1_b,GEXP-5,0,5,7905125.904949048,1167690.4257892298,4.6111872418476935e-07,1.1356178155395895,10.114803920886354
3,20,type1_b,NEW-MMMD,0,4,26261.89827341712,24863.383401071715,1.2622973172296136e-06,0.7337254828160429,9.876251237497529
4,1,power,GEXP-5,0,5,13936590.366863865,1320496.5619947386,3.994502625925013e-07,6.5776336197920955,12.866674507050902
4,1,power,NEW-MMMD,0,4,25347.574598020627,24092.093619934887,1.1401587886093582e-06,6.066388726618154,12.127334952194348
4,2,power,GEXP-5,0,5,2145948.2856557197,820549.4473615773,4.449707201330934e-07,4.4699401919460495,20.825708449787722
4,2,power,NEW-MMMD,0,4,13845.833074857946,13441.877952387043,1.2085726988021815e-06,4.357736814477331,12.0142661226138
4,3,power,GEXP-5,1,5,10508399.710192706,1185039.9959716087,5.109259487202797e-07,24.273665367835406,9.752279393438702
4,3,power,NEW-MMMD,1,4,25167.420576278302,23909.56618893879,1.3193748299361028e-06,21.85686188208998,15.904919349638755
4,4,power,GEXP-5,0,5,54524406.448693566,1467859.5227639894,4.2446797376100806e-07,7.832915099031254,10.239796760473537
4,4,power,NEW-MMMD,0,4,45213.95031198619,41390.04338114311,1.2404295429216786e-06,6.815554324842566,8.697899810226334
4,5,power,GEXP-5,0,5,428953.3554761384,318837.59952123987,4.645908866239419e-07,11.87208763864021,15.839972276868874
4,5,power,NEW-MMMD,0,5,97980.5846581344,90761.58117767508,4.645908861914557e-07,11.230532628649563,14.041412553588755
4,6,power,GEXP-5,1,5,19940509.39347728,1323334.3942225797,5.134666493583831e-07,44.43065270075499,14.942569597815574
4,6,power,NEW-MMMD,1,4,31387.431707304204,29425.552124999318,1.4476911060124472e-06,38.237562074587146,13.69067178975111
4,7,power,GEXP-5,0,5,10074889.169423815,1204018.0367667894,5.068183255925353e-07,11.486513847753116,11.640077356613455
4,7,power,NEW-MMMD,1,4,23588.20283141123,22478.839881297154,1.3487805309262837e-06,11.261586342360872,9.254453894394846
4,8,power,GEXP-5,1,5,4703554.912627839,1090742.3087265792,4.422945916615377e-07,19.74866704534503,16.02679669049323
4,8,power,NEW-MMMD,1,4,22322.23996046163,21317.952248185746,1.2502306359109314e-06,15.093005568872798,8.768748147369383
4,9,power,GEXP-5,0,5,13852856.138041547,1319476.8225447726,4.460001812249807e-07,9.257270438124806,14.577463654926044
4,9,power,NEW-MMMD,0,4,27203.986503684686,25749.52501942971,1.277530804811007e-06,7.857872253468614,17.773877296162002
4,10,power,GEXP-5,0,5,2642865.249467883,880969.5317275277,4.976991136495507e-07,19.10121084981688,24.432325447143313
4,10,power,NEW-MMMD,1,4,19112.601707275746,18363.71543044278,1.3045927315638423e-06,18.888040145208336,12.646299575116934
4,11,power,GEXP-5,1,5,3262232.6077398676,940900.4358052127,4.83443250090778e-07,39.48860045618915,9.804363763486663
4,11,power,NEW-MMMD,1,4,20278.87673506159,19454.331374092282,1.2338610699653299e-06,37.43327641820326,8.758168693463704
4,12,power,GEXP-5,0,5,5713788.644372168,1159536.0793365787,4.176179260501171e-07,7.285339035964768,14.12799765248018
4,12,power,NEW-MMMD,0,4,24578.872082537146,23384.327146937867,1.1948979330815938e-06,7.256259692701363,9.684480541854322
4,13,power,GEXP-5,1,5,3133158.329670579,962140.8686749317,4.325777752176256e-07,24.193076450672265,13.028963633359119
4,13,power,NEW-MMMD,1,4,18557.873083474373,17849.89903729839,1.2081120336329253e-06,23.734942340052058,12.085144321561247
4,14,power,GEXP-5,0,5,3712787.0610122373,951961.280728017,5.036114095852559e-07,9.236064281720786,12.227723761007745
4,14,power,NEW-MMMD,1,4,16959.646512312345,16361.957350457951,1.2871657619419774e-06,9.16281470441342,7.827599993953364
4,15,power,GEXP-5,0,5,630888.1144753713,425649.58194230177,5.348104738677672e-07,10.497653150240808,26.900160053043145
4,15,power,NEW-MMMD,1,5,134038.55150320634,121487.23245495175,5.348104743869854e-07,10.655234799391863,10.395564882225692
4,16,power,GEXP-5,1,5,3407084.908490575,949370.9645755906,4.648995716690778e-07,29.51042873607952,18.778099476671176
4,16,power,NEW-MMMD,1,4,18283.275336509585,17578.771978632332,1.2494039280841236e-06,26.51119814672198,14.218580394711712
4,17,power,GEXP-5,0,5,2931421.38678147,899849.2545052841,5.213624344733272e-07,7.548919152257469,14.358461179884669
4,17,power,NEW-MMMD,0,4,18593.248025430927,17895.957590562077,1.3089364830771037e-06,7.309198976888352,9.093027065204256
4,18,power,GEXP-5,1,5,12810613.454639813,1211787.8031302951,4.848572900535948e-07,20.58476090605035,8.768487325922207
4,18,power,NEW-MMMD,1,4,27251.249583607903,25772.746459463368,1.2646363799631797e-06,17.666782532221674,10.599810742520296
4,19,power,GEXP-5,0,5,8031394.670697074,1192290.5494864949,4.2660498987580614e-07,8.866257785641608,12.670103831570792
4,19,power,NEW-MMMD,0,4,22515.64723999186,21488.9742158529,1.1963973894777919e-06,8.725838805994222,9.891584143991322
4,20,power,GEXP-5,0,5,12382882.367124602,1290669.401439241,4.936717164512318e-07,2.05007762043617,10.408394068761002
4,20,power,NEW-MMMD,0,4,25062.510203239628,23808.031610706596,1.407545021763607e-06,1.9934902377262453,11.090276035625594
4,1,type1_a,GEXP-5,0,5,15085784.65738517,1253853.6181882073,4.93050716443512e-07,1.3160605530534646,12.241741128249512
4,1,type1_a,NEW-MMMD,0,4,27403.785254773862,25908.094181676042,1.3212379691201355e-06,1.3170717037288586,13.836817342003119
4,2,type1_a,GEXP-5,0,5,19464496.806524638,1486185.7660626424,3.7898622404696003e-07,3.5165290044941173,8.497504211010462
4,2,type1_a,NEW-MMMD,0,4,31593.659298228522,29795.06244630066,1.1247890249954422e-06,2.86326956781203,11.52317394474542
4,3,type1_a,GEXP-5,0,5,21726154.571799606,1373006.5018197114,4.778222303873112e-07,3.307827247268719,10.829234668521687
4,3,type1_a,NEW-MMMD,0,4,33763.98142594607,31543.15148732204,1.3775289919662932e-06,1.8964467479938962,12.966634281494336
4,4,type1_a,GEXP-5,0,5,12566817.055315847,1208743.7999204167,4.6521388126485716e-07,1.3476251119087137,13.375891813618082
4,4,type1_a,NEW-MMMD,0,4,27220.96600462255,25738.816329955873,1.2170039975466346e-06,1.350923998914583,9.603279623321006
4,5,type1_a,GEXP-5,0,5,17319718.660463236,1451161.1890696217,4.173339123868529e-07,2.9166142079909605,8.497613136464087
4,5,type1_a,NEW-MMMD,0,4,30306.099810373355,28634.825529553258,1.2261939236313386e-06,1.653662464006782,9.437797317540333
4,6,type1_a,GEXP-5,0,5,7959366.011546388,1244658.0473221978,4.3668969065057976e-07,2.383868819578396,9.895698823948821
4,6,type1_a,NEW-MMMD,0,4,23435.555022990964,22370.159785007807,1.2474348583351616e-06,2.391823206381627,15.284266339216309
4,7,type1_a,GEXP-5,0,5,772596.5198711781,505583.68339636107,4.03367168786552e-07,1.1913905780093188,11.663436827639186
4,7,type1_a,NEW-MMMD,0,4,14792.527531571393,14365.11086370755,1.1364247319051545e-06,1.0735194658299605,7.669943575289321
4,8,type1_a,GEXP-5,0,5,6777309.593638585,1238348.4470688838,4.409278514880703e-07,1.1236162761774295,13.13943934122058
4,8,type1_a,NEW-MMMD,0,4,25550.220762671157,24306.526951095246,1.27761255654449e-06,1.094768107359033,10.721159926301974
4,9,type1_a,GEXP-5,0,5,7390988.396260668,1248856.2191066593,3.995513452433027e-07,2.4815343388141713,15.625527765011373
4,9,type1_a,NEW-MMMD,0,4,24378.964225526182,23244.988992970237,1.1498189259228067e-06,2.5139539954597687,9.073238331932181
4,10,type1_a,GEXP-5,1,5,27389093.918973032,1450530.3344249271,4.122380952636717e-07,11.728501354071469,9.686273754931376
4,10,type1_a,NEW-MMMD,0,4,35448.81429600362,33092.73507802693,1.208286939028731e-06,10.476970953907298,15.437029480736006
4,11,type1_a,GEXP-5,0,5,1463864.5195295792,728379.6221690783,4.425185862900303e-07,1.5726053344423576,11.74800870632813
4,11,type1_a,NEW-MMMD,0,4,17417.597894362545,16819.268214367607,1.2477530477538597e-06,1.5395799199508797,8.628319187551549
4,12,type1_a,GEXP-5,0,5,6155184.8204761585,1252345.4837372892,3.878661488561095e-07,1.7016046297709124,12.84360180191386
4,12,type1_a,NEW-MMMD,0,4,23673.208369590193,22638.867994235596,1.1344173397124254e-06,0.7535904656324397,22.952244251903714
4,13,type1_a,GEXP-5,0,5,4317270.900142171,1044075.32418673,4.933371722133e-07,0.7775852443505671,13.905264483542165
4,13,type1_a,NEW-MMMD,0,4,22588.524532539614,21559.27816602405,1.3404558728724875e-06,0.7781656287155807,11.43948784532135
4,14,type1_a,GEXP-5,0,5,19127600.590930406,1415854.192212766,4.3555332983136364e-07,4.5215056679014225,8.346164728635449
4,14,type1_a,NEW-MMMD,0,4,35514.8225653684,33142.69377246446,1.276561224717614e-06,4.89444142637544,14.288822261835541
4,15,type1_a,GEXP-5,0,5,1791753.0980640524,821912.2339692125,4.113191315573819e-07,1.575905036849966,12.413819227694141
4,15,type1_a,NEW-MMMD,0,4,22152.13969985411,21214.525554455566,1.189903193119235e-06,1.5483097564308212,9.067625381863545
4,16,type1_a,GEXP-5,0,5,4233467.981127852,1114923.5629916782,4.4658661576687174e-07,2.3907180928682408,10.245119739423584
4,16,type1_a,NEW-MMMD,0,4,21811.03466415235,20902.055036608475,1.2888165857940351e-06,2.196552902297178,15.5141247945618
4,17,type1_a,GEXP-5,0,5,3138858.395412346,973156.9015939372,4.278962836514639e-07,1.9740069355098342,11.707149364683268
4,17,type1_a,NEW-MMMD,0,4,16368.640220586665,15824.84981191138,1.1992317618491122e-06,1.9702439315054008,11.29031235969918
4,18,type1_a,GEXP-5,0,5,7062080.914196932,1155436.3796838564,4.5416204545573294e-07,1.2442193916593567,11.247612001139663
4,18,type1_a,NEW-MMMD,0,4,19256.51125092782,18493.031723197615,1.265805501500762e-06,1.1777406497136838,12.619230417576965
4,19,type1_a,GEXP-5,0,5,23005962.035470165,1538031.5526322462,3.878440978322432e-07,0.8392467289631895,16.09708667031205
4,19,type1_a,NEW-MMMD,0,4,41386.613444267954,38399.07509566748,1.163255271394438e-06,0.8231853300401788,13.897689114044075
4,20,type1_a,GEXP-5,0,5,11110758.635929434,1262090.4826594274,4.0387701164960153e-07,2.2745425174556546,11.232853632825648
4,20,type1_a,NEW-MMMD,0,4,25257.829384196797,23983.38976096892,1.144044542108334e-06,2.2691917256578265,12.4727459770849
4,1,type1_b,GEXP-5,0,5,7727904.086935082,1198036.89777917,4.2655806693471886e-07,1.0990248772238012,11.506221868021685
4,1,type1_b,NEW-MMMD,0,4,20483.246653710874,19639.332445964024,1.1995774462971087e-06,1.0819539963301223,14.274432322147797
4,2,type1_b,GEXP-5,0,5,11733259.049831768,1250753.5126266696,4.2050827080378357e-07,1.1384229816771807,13.215455599258972
4,2,type1_b,NEW-MMMD,0,4,26028.556903137014,24646.33815215327,1.1902048156826993e-06,0.4662865514897494,12.310571269705319
4,3,type1_b,GEXP-5,0,5,4384467.726230085,1073533.8414457913,4.350359388833395e-07,3.564704613827587,10.882992338326474
4,3,type1_b,NEW-MMMD,0,4,18417.44755334744,17738.00199698772,1.2203418051106665e-06,2.0223840220712024,9.714968876859194
4,4,type1_b,GEXP-5,0,5,1581305.4518044784,716514.6903633779,4.414709595523863e-07,2.863815056083503,17.007743578435342
4,4,type1_b,NEW-MMMD,0,4,15391.861516726072,14891.096523558546,1.1747261525547686e-06,2.882004255373742,6.590389484386089
4,5,type1_b,GEXP-5,0,5,3867658.5678690514,976326.7360056876,4.386496877669478e-07,2.7372469505064476,10.935040095421636
4,5,type1_b,NEW-MMMD,0,4,16260.135061766501,15697.107428277692,1.1855167126282602e-06,0.6363266562079006,12.901198131361081
4,6,type1_b,GEXP-5,0,5,3256818.713642222,986126.9633381407,4.39523456266184e-07,2.509355215983817,13.396696709046068
4,6,type1_b,NEW-MMMD,0,4,22695.32826057924,21657.264952453,1.238271368641838e-06,1.3154754954870675,11.09145113152225
4,7,type1_b,GEXP-5,0,5,256993.54155675223,213669.166244694,4.417397286751815e-07,3.1312952098847404,15.83268708142491
4,7,type1_b,NEW-MMMD,0,5,66869.35328373847,63509.88816986401,4.417397292995938e-07,3.285668761427024,12.729977996365209
4,8,type1_b,GEXP-5,0,5,5162761.256953243,1070910.4865296853,4.586301231801251e-07,2.1083531934022517,11.388140864190298
4,8,type1_b,NEW-MMMD,0,4,18921.323940070128,18169.25284912271,1.2686416843700344e-06,1.7047755329446046,10.700618972873508
4,9,type1_b,GEXP-5,0,5,1559057.512072206,696186.9501847399,4.5135219366551097e-07,2.1821598641592175,11.795988094862752
4,9,type1_b,NEW-MMMD,0,4,12827.538120094812,12471.972372321694,1.173679017256124e-06,1.5647538124052751,8.558643394006587
4,10,type1_b,GEXP-5,0,5,4743079.765697144,1034737.1237727462,4.247996634739999e-07,1.688388048427754,11.28059450781966
4,10,type1_b,NEW-MMMD,0,4,18244.445103071877,17542.062977067526,1.1484253839016727e-06,1.7802837943488221,13.192362337171716
4,11,type1_b,GEXP-5,0,5,418673.62117658195,314205.81489147595,5.047643121975999e-07,2.367659565892609,15.560025546761647
4,11,type1_b,NEW-MMMD,0,5,98940.78272352344,91658.89106817983,5.047643123858753e-07,2.6942041613075816,15.365420505176546
4,12,type1_b,GEXP-5,0,5,1348563.2184669282,682829.7613221202,3.932903148976613e-07,6.664369621261429,11.778073867225478
4,12,type1_b,NEW-MMMD,0,4,14182.864571351543,13772.075024754857,1.0846221596806708e-06,5.9473063436449465,13.9478083899525
4,13,type1_b,GEXP-5,0,5,2502986.2886829064,862570.6455697302,4.989435042955755e-07,3.5436411183613927,12.100688411440732
4,13,type1_b,NEW-MMMD,0,4,16619.352391910274,16053.131159194914,1.294299251455921e-06,2.750346354065922,10.804821150306054
4,14,type1_b,GEXP-5,0,5,536931.9589839802,390721.387212361,3.897206555494183e-07,2.1495884839987696,15.41787056668037
4,14,type1_b,NEW-MMMD,0,5,123897.40506216894,114168.69757787869,3.8972065587449727e-07,2.1515978655274886,12.912949420020935
4,15,type1_b,GEXP-5,0,5,5689229.762520217,1049481.6115758643,4.664884921533017e-07,1.1899281419294994,11.883448851520717
4,15,type1_b,NEW-MMMD,0,4,20923.494788426113,20014.986893943078,1.205601454308799e-06,1.1387916742549797,12.403068364104614
4,16,type1_b,GEXP-5,0,5,1849441.2171465673,740581.474469512,4.913516236092518e-07,2.172760079455429,10.628722217586535
4,16,type1_b,NEW-MMMD,0,4,15003.34067475497,14526.694502338818,1.2245764429886935e-06,1.425537066587107,16.965629376606167
4,17,type1_b,GEXP-5,0,5,1080515.5970424367,585190.6703805447,4.2582008320214385e-07,4.660102108713389,13.295618943841484
4,17,type1_b,NEW-MMMD,0,4,11557.181135618499,11264.935496514183,1.138736086266008e-06,4.38494278117887,12.365334954882373
4,18,type1_b,GEXP-5,0,5,1016165.4848281754,563280.9178872106,4.5073535302948485e-07,2.7320206220866368,12.636109875382216
4,18,type1_b,NEW-MMMD,0,4,13502.276565285867,13106.1011050186,1.1893161697928147e-06,2.7411051788073397,8.0972955927534
4,19,type1_b,GEXP-5,0,5,7571600.577379708,1219378.8735068191,4.38954817745031e-07,4.937384653143482,14.24930025412346
4,19,type1_b,NEW-MMMD,0,4,26373.283514687326,24993.56637161498,1.2592592053241126e-06,5.412335056387207,8.475083219431811
4,20,type1_b,GEXP-5,0,5,9101143.101703094,1168407.4561055354,4.2868981577624193e-07,1.9339861846290347,17.96876804442503
4,20,type1_b,NEW-MMMD,0,4,21825.15120383433,20821.80582356504,1.1859392085342545e-06,2.0720355634575114,12.882889368509256
